Sexo,Edad,A01.10,A02.01,A02.09,A02.11,A02.14,A02.16,A03.02,A03.06,A03.12,A04.11,E04.12,E01.05,E01.10,E01.13,E02.08,E03.06,E03.11,E03.14,E04.01,E04.12,F01.05,F01.12,F02.02,F02.09,F02.10,F02.12,F03.14,F04.07,F04.09,F04.11,Fi02.04,Fi02.13,Fi03.10,Fi03.13,Fi03.15,Fi04.01,Fi04.05,Fi04.06,Fi04.07,Fi04.13,S01.06,S01.12,S01.14,S02.07,S02.13,S03.10,S03.11,S03.12,S04.12,S04.14,A1,A2,A3,A4,S1,S2,S3,E1,E2,E3,E4,F1,F2,FI1,FI2,FI3
Mujer,19,4,2,4,4,5,5,4,4,4,4,4,3,3,3,4,3,2,3,2,3,4,4,4,4,5,4,4,4,5,4,3,2,3,3,2,3,4,4,3,4,4,4,3,3,3,3,3,2,3,3,9.6,,No,1,6,18,5,No,Los fines de semana y días de fiesta,No,No,0,Sí,No,Sí,0
Mujer,28,5,4,5,4,4,5,5,5,4,5,4,2,4,4,4,5,5,4,5,5,4,5,4,4,5,3,4,5,5,5,4,4,5,3,4,4,4,3,5,4,4,3,3,3,4,4,3,4,4,4,12.34,3000,No,3,8,16,20,No,Esporádicamente,No,No,,Sí,No,No,6
Mujer,45,5,1,4,5,5,5,5,5,4,5,5,4,5,5,5,5,5,3,5,5,5,5,5,5,5,5,5,5,5,5,5,3,2,1,3,5,5,3,3,5,5,2,5,5,3,5,3,3,5,5,,1850,Sí,0,4,3,8,No,Esporádicamente,No,No,168,Sí,No,No,0
Mujer,59,4,3,3,4,4,3,3,4,3,4,4,2,4,4,4,2,4,3,3,4,5,5,5,4,5,3,5,3,4,4,2,4,2,1,4,3,3,1,3,4,4,2,4,4,4,3,4,3,3,3,7,1500,No,0,3,7,12,No,Esporádicamente,No,No,9,Tal vez,No,No,0
Hombre,22,5,1,5,4,5,5,5,5,5,5,5,3,4,4,4,5,4,5,5,4,2,3,2,1,2,3,4,1,3,1,5,4,1,1,5,4,3,1,4,4,5,5,4,5,5,5,4,4,4,4,12.7,1000,No,2,5,100,14,No,Los fines de semana y días de fiesta,Sí,Sí,0,Sí,No,No,2
Hombre,24,3,4,4,5,4,4,5,5,5,4,5,3,3,5,3,4,3,2,3,3,4,3,5,3,3,3,4,4,4,4,5,5,5,4,4,4,5,5,4,4,4,3,4,3,3,3,3,3,3,3,9.7,1000,No,0,5,9,6,No,Esporádicamente,No,Sí,2,Tal vez,No,No,7
Mujer,26,5,4,5,4,5,5,5,5,5,5,5,3,5,5,4,3,5,3,5,5,5,3,3,3,4,4,5,4,5,3,2,3,2,2,4,3,3,4,5,3,4,5,4,5,5,5,5,4,5,5,13.2,1000,Sí,0,4,6,5,No,Nunca,No,Sí,4,Sí,No,No,5
Hombre,24,4,5,3,5,4,5,4,2,5,2,3,3,3,3,2,3,2,3,4,3,,5,3,5,4,4,4,4,5,4,2,3,2,1,2,2,1,1,2,3,4,1,1,2,1,3,1,3,1,3,12,1450,No,0,2,4,14,No,Nunca,No,Sí,48,Sí,No,No,0
Hombre,43,4,3,5,4,4,5,4,4,4,4,4,4,5,5,5,3,5,3,5,3,3,3,3,3,4,4,3,3,4,3,3,2,3,3,3,4,3,4,2,3,5,4,3,5,5,5,4,4,5,5,7.5,,No,0,5,12,10,No,Los fines de semana y días de fiesta,No,No,,Tal vez,,No,4
Mujer,19,3,3,5,2,5,5,3,5,2,3,3,4,2,3,3,3,3,3,3,3,5,5,5,,5,3,5,5,5,5,1,5,3,1,3,3,2,3,3,4,4,3,3,4,3,4,3,2,3,3,11.5,800,Sí,20,9,25,48,No,Esporádicamente,No,No,96,Sí,No,No,4
Mujer,32,5,1,5,4,5,5,4,4,3,3,4,5,2,3,5,4,4,4,4,3,5,5,4,5,4,4,5,4,4,5,4,5,3,5,2,3,3,1,5,4,4,4,5,4,4,5,5,3,4,5,8.5,3000,No,16,5,10,6,No,Nunca,No,Sí,6,Sí,No,Sí,2
Hombre,32,4,4,4,3,4,3,4,4,3,3,4,4,4,4,5,4,5,5,5,4,5,5,5,5,5,5,5,4,5,4,3,3,1,1,5,4,2,2,5,3,5,4,5,5,5,5,5,5,4,5,7,1200,No,0,10,30,10,No,Nunca,No,Sí,5,Sí,No,No,2
Mujer,22,1,1,2,3,1,4,4,5,2,1,2,1,3,4,3,3,3,5,3,4,5,5,5,5,5,5,5,4,5,4,2,3,3,1,4,4,2,2,5,2,5,4,2,5,5,4,4,3,2,4,9.4,,No,3,3,13,24,No,Los fines de semana y días de fiesta,No,Sí,4,Sí,No,Sí,4
Hombre,19,5,3,5,3,5,3,3,5,3,5,4,5,5,5,5,5,5,5,5,5,5,5,4,5,5,5,5,5,5,5,4,4,4,3,4,4,4,4,4,4,3,3,5,3,4,4,3,4,4,4,13.2,,No,15,6,24,40,No,Los fines de semana y días de fiesta,No,No,0,Sí,Sí,No,8
Mujer,51,5,3,5,5,5,4,5,5,4,5,4,2,3,3,3,3,4,3,3,4,4,5,5,5,5,5,5,5,5,4,3,5,3,3,4,5,3,3,4,3,4,3,3,3,3,3,3,3,3,3,,2000,No,0,4,10,8,No,Esporádicamente,No,No,,Sí,No,No,5
Mujer,20,4,3,5,3,3,4,4,5,4,4,4,3,3,4,3,3,3,3,3,5,4,3,3,3,3,4,4,4,4,5,3,3,2,1,4,4,2,3,4,4,4,3,4,3,4,4,3,4,3,4,10,,No,0,6,30,28,Sí,Los fines de semana y días de fiesta,No,Sí,0,Sí,Sí,No,0
Hombre,54,3,4,4,4,4,4,4,3,3,4,4,2,4,3,4,4,4,2,4,5,4,4,5,5,5,5,5,4,4,4,2,4,2,3,4,4,4,3,4,3,3,2,2,4,4,4,3,4,4,3,,2000,No,0,5,25,40,No,Esporádicamente,No,No,,Sí,No,No,4
Hombre,34,4,4,4,3,3,4,3,4,3,3,3,5,5,4,3,5,3,5,5,5,2,4,3,3,4,2,3,2,4,2,4,4,3,2,4,3,4,3,3,3,4,3,3,4,3,2,2,3,3,3,10.1,620,Sí,10,3,1,16,No,Los fines de semana y días de fiesta,Sí,Sí,0,Tal vez,Sí,No,10
Mujer,23,5,2,4,3,5,4,4,5,4,5,5,2,4,4,3,4,4,5,3,5,5,5,5,5,5,5,5,5,5,5,3,4,3,1,4,4,2,2,5,3,3,2,4,4,4,4,3,2,2,1,7.8,,No,1,7,12,8,No,Esporádicamente,No,Sí,72,Sí,No,No,0
Hombre,35,4,4,4,3,3,2,3,5,4,4,4,3,4,5,3,4,4,5,4,3,4,4,3,5,4,3,5,3,4,4,4,5,5,3,4,5,5,5,4,4,4,4,3,5,4,5,5,4,3,4,7,2000,No,0,7,3,4,No,Esporádicamente,No,Sí,4,Sí,No,No,8
Hombre,42,3,3,4,3,3,4,3,3,3,3,3,4,5,4,5,4,4,3,4,4,2,4,2,2,3,3,3,3,4,2,1,1,1,1,2,3,2,3,1,3,3,3,3,5,4,4,3,3,4,3,6.25,,No,0,3,20,12,No,Casi todos los días,Sí,Sí,3,No,No,No,3
Mujer,22,3,4,3,5,5,3,4,4,3,4,4,4,2,2,4,5,2,2,2,4,1,1,1,1,1,1,1,1,2,1,2,2,2,1,1,2,3,2,4,4,4,2,3,4,3,4,2,4,3,4,,700,No,0,3,10,20,No,Esporádicamente,Sí,Sí,1,No,No,No,4
Hombre,23,3,4,2,1,1,5,4,3,2,1,1,3,4,4,5,4,5,5,5,3,4,4,4,4,5,4,5,4,5,4,4,5,5,4,4,5,5,4,5,5,4,2,2,4,4,4,3,5,2,4,8,,No,0,10,30,8,No,Esporádicamente,No,No,0,Sí,No,No,5
Mujer,20,4,4,5,4,4,5,3,5,4,3,5,1,4,4,5,4,5,3,3,4,4,3,3,3,3,2,4,3,4,3,4,4,3,1,4,3,3,3,4,4,3,3,2,4,5,4,3,3,3,4,,250,No,0,2,5,30,No,Nunca,No,Sí,,Tal vez,No,No,8
Hombre,27,5,3,5,5,4,4,5,5,4,4,4,5,4,5,5,5,5,5,4,4,2,4,3,3,5,1,2,3,4,2,4,5,5,4,5,5,5,5,4,5,5,3,4,4,3,4,4,5,3,4,11.8,1300,No,0,2,10,20,No,Esporádicamente,No,Sí,40,Sí,No,No,5
Hombre,23,5,4,5,4,5,5,5,5,5,5,5,3,4,4,4,4,4,3,4,4,3,4,4,4,5,5,4,5,5,5,5,5,5,5,5,5,5,4,5,5,5,3,2,4,3,5,3,4,3,3,11.5,2000,No,0,7,10,20,No,Esporádicamente,No,Sí,50,Sí,No,No,8
Mujer,61,5,2,5,5,5,4,5,5,5,5,5,3,4,2,2,2,2,5,3,5,5,5,5,5,5,5,5,5,5,5,3,3,2,1,2,2,2,2,2,2,4,2,3,3,3,3,5,5,2,5,,850,No,0,3,10,10,Sí,Esporádicamente,No,No,0,Sí,No,No,3
Hombre,31,4,4,5,4,5,4,4,4,5,5,5,2,4,4,4,2,3,4,4,5,5,5,5,5,5,4,5,4,5,5,2,3,4,2,4,4,5,4,3,5,5,4,2,5,5,4,5,4,4,4,,2500,No,0,10,25,20,Sí,Los fines de semana y días de fiesta,No,No,6,Sí,Sí,No,7
Mujer,30,5,3,5,5,4,5,4,5,5,5,4,4,4,4,4,4,5,3,5,2,5,5,4,4,5,5,4,5,5,5,5,5,4,5,4,4,5,5,4,4,4,5,3,3,3,4,4,2,2,3,,2000,No,0,8,20,20,No,Los fines de semana y días de fiesta,No,No,2,Sí,No,No,4
Mujer,33,5,5,5,5,5,5,5,5,5,5,5,4,4,5,5,3,4,4,4,4,5,5,5,5,5,5,5,5,5,5,4,4,5,3,5,5,5,3,5,5,5,2,3,3,3,3,2,3,3,3,7.6,2000,No,0,4,23,2,Sí,Esporádicamente,No,No,,Sí,No,No,4
Mujer,37,4,3,3,4,3,3,5,4,3,3,4,3,4,4,3,3,3,3,3,5,5,5,5,4,5,5,5,5,5,5,3,4,3,3,3,3,3,4,3,4,4,3,5,5,4,4,4,5,5,5,6.4,900,No,0,5,10,3,Sí,Los fines de semana y días de fiesta,Sí,Sí,0,Tal vez,No,No,5
Mujer,44,4,3,5,5,4,4,5,5,5,5,5,2,1,2,2,3,4,1,2,5,3,3,4,4,5,5,5,5,5,4,4,5,4,2,4,4,5,2,4,5,4,2,4,2,3,3,3,4,2,3,,4500,Sí,3,4,30,5,No,Esporádicamente,No,Sí,2,Sí,No,No,5
Mujer,24,4,4,4,4,4,4,4,4,5,4,4,4,3,3,3,3,3,3,3,4,2,3,2,2,3,3,3,3,3,4,2,4,2,1,3,3,3,2,3,4,3,2,2,3,3,3,2,3,2,3,6.72,1100,No,0,5,10,30,No,Esporádicamente,No,No,0,Tal vez,No,No,3
Hombre,31,3,2,3,2,3,2,3,3,3,2,3,4,3,3,3,4,4,5,3,4,5,5,5,5,5,4,4,4,5,4,5,4,4,5,5,5,4,4,4,5,3,2,3,4,3,4,3,4,2,4,5,1100,No,0,4,11,16,No,Nunca,No,Sí,2,Sí,No,No,10
Hombre,21,3,4,3,3,2,4,4,3,2,3,3,4,5,5,4,5,5,4,4,5,2,2,1,1,1,1,2,2,1,3,3,5,4,3,4,3,5,4,4,3,4,5,3,5,5,5,5,5,5,5,11.32,400,No,,5,50,35,No,Nunca,Sí,Sí,,Tal vez,No,No,8
Mujer,22,3,3,3,3,2,3,3,3,3,2,3,3,3,3,2,3,3,3,3,3,3,3,3,3,2,3,3,2,2,3,3,2,3,3,2,3,3,3,3,3,3,2,3,3,2,3,3,3,3,3,8,5000,No,0,2,9,8,No,Esporádicamente,No,Sí,0,No,No,No,12
Mujer,22,3,2,2,3,3,3,3,3,3,3,3,2,3,3,3,3,3,4,3,5,3,2,2,1,3,2,4,3,3,3,3,3,2,1,1,1,2,1,1,3,3,2,3,3,3,3,3,3,3,3,,,No,0,2,1,5,No,Esporádicamente,Sí,No,15,Tal vez,No,No,0
Mujer,22,3,3,2,3,1,2,2,4,1,3,3,4,4,3,4,1,2,3,3,3,2,3,4,4,4,2,5,3,1,3,1,2,1,1,3,1,3,1,2,3,3,1,2,2,2,4,1,2,3,2,8,400,No,2,4,2,5,No,Esporádicamente,Sí,Sí,,Tal vez,No,Sí,4
Mujer,49,3,4,4,5,4,4,3,4,5,5,2,3,3,3,4,1,4,3,4,4,3,2,4,5,4,4,5,4,3,5,2,4,2,1,3,4,2,2,2,3,3,2,3,3,4,2,3,4,4,4,7,1300,No,0,1,4,8,No,Esporádicamente,No,Sí,10,Tal vez,No,Sí,4
Mujer,54,5,5,5,5,5,5,5,5,5,5,5,4,4,4,4,4,4,4,4,5,5,5,5,5,5,4,5,5,5,5,1,4,2,1,4,5,2,1,4,4,4,3,4,4,4,4,4,4,4,4,9,2000,No,0,3,5,24,No,Esporádicamente,No,No,48,Tal vez,No,No,6
Hombre,53,5,5,4,5,4,5,4,5,4,4,4,4,3,4,5,4,5,2,4,4,5,5,5,5,5,4,5,3,5,5,3,4,4,3,5,5,3,3,5,4,5,3,5,4,5,5,3,4,4,4,,1080,No,0,6,3,12,No,Esporádicamente,No,Sí,0,Sí,No,No,7
Hombre,34,3,2,3,3,2,1,3,3,2,2,3,2,2,2,2,1,2,1,2,2,3,3,3,3,3,1,3,2,1,2,2,2,2,1,2,2,3,1,2,3,3,2,3,3,3,2,3,2,3,3,8.3,500,No,0,5,15,20,No,Esporádicamente,No,Sí,20,Tal vez,No,Sí,15
Hombre,61,4,4,5,5,5,4,4,4,5,5,5,4,4,5,4,4,,5,4,5,5,5,5,5,5,5,5,5,5,5,3,5,4,3,4,4,4,3,4,4,3,3,4,5,5,5,4,5,4,5,,,No,0,3,10,15,No,Nunca,No,Sí,6,Sí,No,No,20
Hombre,22,3,1,4,4,3,4,4,4,4,4,4,3,3,4,4,4,3,1,2,4,5,5,5,5,5,4,4,4,5,4,1,1,1,1,1,1,2,3,1,1,4,2,3,2,1,2,2,3,2,2,,,No,0,2,15,24,No,Nunca,Sí,Sí,,No,No,Sí,2
Hombre,19,2,3,3,3,3,3,3,3,3,3,2,4,5,5,5,4,5,3,4,5,5,5,4,5,5,4,4,4,4,4,4,5,5,4,5,4,5,5,4,4,4,4,4,4,4,4,3,4,4,4,,,No,1,4,15,8,No,Nunca,No,No,0,Tal vez,No,No,12
Hombre,39,1,2,3,3,4,4,3,4,4,4,2,3,3,4,3,2,3,2,4,5,3,5,5,5,4,5,5,5,4,5,5,4,4,2,4,5,5,2,4,4,3,3,4,5,5,5,3,4,3,4,,,Sí,0,5,3,15,No,Los fines de semana y días de fiesta,Sí,Sí,0,Sí,Sí,No,5
Mujer,36,2,1,1,3,2,1,2,1,3,1,4,3,4,2,4,2,1,3,2,3,2,1,1,1,2,1,3,1,2,1,1,2,1,1,2,2,1,1,2,1,1,1,3,1,1,1,1,1,1,1,5.35,1200,No,0,2,7,10,No,Esporádicamente,Sí,Sí,0,Tal vez,No,No,2
Mujer,18,2,3,2,2,2,3,3,3,2,3,3,2,2,2,2,2,2,1,2,5,3,3,3,3,3,3,2,3,3,2,3,3,3,1,2,2,2,1,3,3,2,1,1,2,2,2,1,2,2,1,,,No,2,3,5,2,No,Los fines de semana y días de fiesta,Sí,Sí,0,No,No,No,0
Mujer,55,3,2,4,4,4,5,5,5,3,3,4,2,2,2,2,2,3,4,2,4,5,5,5,5,5,3,5,3,4,4,1,2,1,1,2,1,1,1,2,1,2,2,2,2,1,2,2,2,2,2,4,2500,No,0,3,20,20,No,Esporádicamente,No,No,,Sí,No,No,0
Mujer,19,3,2,3,3,3,4,3,2,1,3,3,2,4,4,4,4,4,5,4,5,5,5,4,5,4,5,4,4,4,5,4,4,5,3,3,4,4,4,3,3,5,2,3,4,3,4,3,3,2,4,13.1,,No,0,9,50,48,No,Los fines de semana y días de fiesta,No,Sí,0,Tal vez,No,No,3
Hombre,55,4,2,4,4,4,4,4,4,4,4,4,5,4,3,4,4,4,5,4,3,5,5,5,5,5,4,5,4,5,5,1,4,1,1,2,3,2,1,2,2,3,2,3,3,3,3,3,3,3,3,5,1700,No,0,3,3,8,No,Esporádicamente,No,No,12,Sí,No,No,0
Hombre,19,4,5,4,2,2,3,4,4,5,5,2,3,1,1,5,3,3,1,2,4,5,4,5,5,5,5,5,5,4,5,1,2,1,1,1,4,1,1,3,4,4,2,2,4,3,3,4,2,2,4,13.614,,No,5,8,150,50,No,Los fines de semana y días de fiesta,No,Sí,0,Tal vez,Sí,No,0
Hombre,19,4,4,4,3,3,4,4,5,3,3,3,3,3,4,2,4,2,3,4,4,4,5,5,4,5,4,5,5,5,5,5,4,5,5,4,3,5,5,4,4,3,2,4,3,3,4,2,2,4,3,10.61,,No,8,9,12,20,No,Esporádicamente,No,No,4,Tal vez,No,No,9
Mujer,55,4,3,5,5,5,4,5,5,5,5,5,2,3,3,3,3,5,4,4,4,5,5,5,5,5,5,5,5,5,5,4,4,4,2,4,4,4,3,4,4,5,4,3,5,4,5,3,3,4,4,7,1200,No,0,4,12,,No,Esporádicamente,No,No,14,Sí,No,No,4
Mujer,27,4,3,5,3,3,4,5,4,4,5,3,5,4,4,5,4,5,5,5,4,3,4,3,3,3,4,4,3,4,2,5,5,5,4,5,4,5,3,5,4,5,3,3,5,4,5,3,3,3,4,7.8,1350,No,0,5,20,15,No,Esporádicamente,No,Sí,,Sí,No,No,5
Hombre,54,2,3,3,1,3,4,4,4,2,4,3,5,5,4,4,4,4,4,3,4,5,5,5,3,3,5,5,4,4,4,2,3,3,1,3,3,3,2,3,3,4,3,3,4,3,5,2,4,4,3,5.5,2200,No,0,7,27,14,No,Nunca,No,Sí,2,Sí,No,No,3
Hombre,76,4,4,4,4,3,4,4,4,3,5,5,2,5,5,4,4,4,4,5,5,5,3,5,5,5,5,4,3,5,5,3,5,2,3,4,2,4,2,4,3,4,4,4,4,4,4,4,4,4,4,,,,,4,8,4,No,Esporádicamente,No,No,,Sí,No,No,2
Hombre,19,5,5,5,3,4,5,5,5,4,4,3,2,4,5,5,2,4,2,5,5,5,5,3,3,5,4,5,5,4,5,3,3,2,1,2,4,2,1,4,5,5,5,5,5,5,5,5,3,5,5,,200,Sí,4,5,50,30,Sí,Los fines de semana y días de fiesta,No,Sí,0,Tal vez,No,No,0
Mujer,49,4,3,4,4,4,4,4,4,3,4,4,3,3,3,3,2,3,3,3,3,5,5,4,5,5,5,5,4,5,4,2,2,1,1,3,3,1,1,2,3,4,4,3,3,3,4,2,3,3,3,6,850,No,0,10,3,8,Sí,Casi todos los días,No,No,0,Sí,No,No,2
Hombre,21,3,4,4,4,3,5,5,5,4,4,4,3,4,4,4,3,5,2,4,4,4,4,3,3,4,4,4,4,4,4,5,5,5,5,5,4,5,5,3,5,5,4,4,4,4,4,4,4,4,4,10.7,,No,0,3,12,18,No,Nunca,No,No,0,Sí,No,No,10
Mujer,20,5,4,5,4,4,5,5,4,4,5,4,5,2,4,4,3,5,5,3,5,5,5,5,5,5,5,5,5,5,5,4,4,4,3,4,4,4,2,4,5,5,3,4,5,5,5,5,5,3,5,8.5,,No,0,3,10,5,No,Esporádicamente,No,Sí,0,Sí,No,No,12
Hombre,59,5,4,5,5,5,4,4,4,5,5,5,4,5,5,5,4,5,4,4,4,5,5,5,5,5,5,5,5,5,5,3,5,3,3,4,5,5,4,4,4,5,3,3,3,3,5,3,4,4,3,7,,No,0,12,100,48,No,Los fines de semana y días de fiesta,No,No,30,Sí,No,No,1
Mujer,60,4,5,5,5,5,5,4,5,5,5,5,1,4,4,4,4,4,2,4,5,5,5,5,5,5,5,5,5,4,4,3,4,3,2,4,3,3,5,4,4,5,3,4,4,4,4,4,4,5,4,7,,No,0,3,30,18,No,Esporádicamente,No,No,64,Sí,No,No,7
Hombre,20,4,4,4,4,3,3,4,3,3,4,3,3,3,3,3,3,4,4,3,4,5,5,5,4,3,4,4,5,4,5,2,3,4,3,4,3,4,4,3,3,4,2,4,4,3,3,4,3,4,4,10698,,No,4,4,15,40,Sí,Los fines de semana y días de fiesta,No,No,,Sí,Sí,No,5
Hombre,63,5,5,5,5,5,5,5,5,4,5,5,4,5,5,5,4,5,4,5,5,5,5,5,5,5,5,5,5,5,5,4,5,4,4,4,5,5,4,4,4,5,4,5,5,,5,4,5,4,5,,,No,0,5,10,20,No,Nunca,No,No,6,Sí,No,No,5
Mujer,20,2,1,3,2,3,3,2,3,2,3,2,2,3,3,2,2,3,3,2,3,3,3,2,1,2,3,2,3,3,3,1,2,1,1,2,1,1,1,1,2,3,2,3,2,2,3,2,2,3,3,5,120,Sí,10,6,20,39,Sí,Los fines de semana y días de fiesta,No,Sí,3,Tal vez,Sí,No,0
Mujer,56,5,5,5,5,5,5,4,5,4,5,5,4,3,5,4,4,4,2,4,5,5,5,4,5,5,5,4,2,5,5,5,5,4,1,5,4,2,4,4,5,5,2,4,5,5,4,4,3,4,4,,1200,No,0,2,20,5,No,Nunca,No,No,0,Sí,No,No,2
Hombre,32,4,4,5,3,3,4,3,5,4,4,3,4,5,4,4,4,5,5,4,4,5,5,5,5,5,5,5,5,5,4,4,5,5,3,5,5,5,3,5,5,3,3,4,4,4,3,4,3,3,3,7,2000,No,0,3,12,24,No,Esporádicamente,No,No,6,Sí,No,No,7
Hombre,32,5,1,3,5,5,5,4,3,4,4,5,2,2,2,2,4,3,4,3,4,2,1,2,2,1,1,1,2,1,2,3,4,2,1,1,1,2,1,3,3,4,1,1,4,4,4,3,3,3,3,10.6,400,No,0,1,10,4,No,Nunca,No,Sí,2,Sí,No,No,0
Mujer,36,5,5,5,5,5,5,5,5,5,5,5,5,5,5,5,5,5,5,5,5,5,5,5,5,4,5,5,5,5,5,5,5,5,5,3,5,5,5,5,5,5,5,5,5,5,5,5,5,5,5,4.7,3000,No,31,7,20,30,No,Nunca,No,Sí,24,Tal vez,No,No,2
Hombre,32,2,3,5,2,3,3,5,4,4,4,3,1,2,3,2,2,3,5,3,5,5,4,3,5,3,4,3,2,3,3,3,3,2,1,2,1,3,2,3,2,5,5,5,5,5,4,5,5,5,5,,,No,1,2,50,20,Sí,Casi todos los días,Sí,Sí,0,Tal vez,Sí,No,0
Hombre,31,5,4,5,3,5,5,4,5,3,5,5,2,5,5,4,5,5,5,5,5,2,1,1,1,2,1,2,1,1,3,4,3,4,2,3,3,5,5,4,4,5,4,4,5,5,5,4,5,2,4,7.1,390,No,0,3,7,2,Sí,Nunca,Sí,Sí,40,No,No,No,3
Mujer,27,3,1,4,3,5,4,3,4,4,4,4,1,2,3,2,2,3,1,2,5,3,2,3,2,2,2,3,3,2,2,2,3,1,1,4,5,2,3,3,4,5,4,5,5,4,3,5,5,5,5,,,Sí,5,2,13,17,No,Esporádicamente,Sí,Sí,6,Sí,Sí,No,0
Hombre,19,3,2,3,2,4,4,4,4,2,4,4,3,3,2,4,4,3,3,3,4,2,3,2,3,3,4,3,1,2,2,5,5,5,5,5,5,5,5,5,5,4,2,3,4,3,4,4,2,4,4,10,,No,3,5,10,12,No,Los fines de semana y días de fiesta,No,No,24,Sí,No,No,14
Hombre,25,5,4,5,5,5,5,3,5,5,5,5,5,5,5,5,5,5,4,5,5,5,5,5,5,5,4,5,5,5,4,5,5,5,4,5,5,5,4,4,5,5,4,5,4,5,4,5,4,5,5,11.57,,No,,8,,21,Sí,Los fines de semana y días de fiesta,No,No,0,Sí,No,No,15
Hombre,43,4,2,5,4,4,4,2,3,4,5,4,4,4,5,5,4,5,4,5,5,5,5,4,5,5,5,5,4,5,3,3,3,2,1,2,3,2,2,2,3,4,2,3,3,3,4,3,3,3,3,-,2500,No,0,3,10,30,No,Casi todos los días,No,No,80,Sí,No,No,0
Hombre,31,5,4,5,4,5,5,5,4,5,4,5,3,5,5,5,4,5,5,5,5,5,5,5,5,5,5,5,5,5,5,5,5,5,5,5,5,5,5,5,5,5,5,5,5,5,5,5,5,5,5,8,1100,No,0,10,30,8,Sí,Esporádicamente,No,No,72,Sí,No,No,2
Mujer,33,3,2,4,3,3,2,4,2,3,4,3,4,4,3,4,4,4,4,3,5,2,2,3,2,2,1,4,1,2,2,3,3,2,1,3,3,3,1,2,3,4,2,4,4,3,4,3,4,3,3,11.36,,No,2,5,15,20,Sí,Los fines de semana y días de fiesta,Sí,Sí,3,Tal vez,No,No,3
Hombre,20,4,4,3,5,3,4,3,5,4,4,,2,4,4,3,4,4,5,3,4,5,5,4,5,4,4,5,4,5,4,5,5,4,2,4,4,3,3,4,4,4,3,3,4,4,3,4,4,3,4,9,,,,6,6,4,No,Esporádicamente,No,No,1,Sí,No,No,10
Hombre,23,4,4,4,5,5,4,4,4,5,5,5,2,4,4,2,3,3,4,3,4,5,5,4,4,5,5,5,4,5,4,2,4,4,2,3,3,3,2,4,4,4,3,3,4,4,4,3,3,4,3,,,No,0,3,20,5,Sí,Esporádicamente,No,No,,Sí,No,No,
Mujer,31,5,4,4,5,3,4,5,4,5,5,5,5,5,5,5,5,5,5,5,5,5,5,5,5,4,5,5,5,5,5,4,4,4,3,4,5,3,4,4,4,5,4,5,5,5,5,5,5,5,5,18,1000,No,0,10,30,14,No,Nunca,No,No,,Sí,No,No,10
Mujer,28,3,2,3,5,5,4,3,2,5,3,4,4,2,2,3,2,1,2,3,2,3,4,4,4,4,4,5,4,4,3,2,2,1,3,2,3,1,1,2,1,3,4,3,3,2,4,3,3,4,3,9.35,885,No,0,6,3,2,No,Nunca,Sí,Sí,2,Tal vez,No,No,0
Hombre,28,2,3,3,3,3,3,2,2,3,2,2,1,3,2,2,2,3,2,2,2,3,3,3,3,3,2,3,3,3,3,3,2,3,2,3,2,3,,2,2,3,1,3,3,3,2,2,3,3,3,9,,No,0,12,6,3,No,Nunca,No,No,,Sí,No,No,12
Hombre,33,4,4,3,4,5,3,4,5,3,4,4,3,4,4,3,3,4,3,3,3,4,4,3,4,5,2,5,2,4,3,4,4,3,2,3,3,4,2,4,4,4,3,4,3,4,3,3,3,3,3,7.68,1380,No,0,2 ?,40,5,No,Nunca,No,Sí,2,Sí,No,No,0
Mujer,19,3,1,3,2,2,4,3,4,3,5,2,1,1,1,3,2,3,4,3,3,4,4,4,5,5,4,5,5,4,5,4,4,5,1,3,4,4,3,5,4,5,5,5,5,5,5,5,4,5,5,10.88,100,No,20,3,25,35,Sí,Casi todos los días,Sí,Sí,10,Tal vez,Sí,No,2
Mujer,55,3,3,3,4,4,4,4,2,4,4,3,2,3,3,2,2,2,2,2,5,2,2,2,2,3,1,3,2,2,2,4,5,4,3,5,5,4,3,5,5,5,3,5,5,5,3,5,5,5,5,8,,No,0,3,7,15,No,Esporádicamente,No,Sí,12,Tal vez,No,No,8
Hombre,20,3,5,4,3,3,3,5,3,3,3,3,3,3,4,3,3,5,2,4,5,2,4,4,2,5,4,4,4,5,4,4,5,5,5,4,5,5,4,4,5,4,4,5,4,4,5,4,4,5,5,3.4,1400,No,1,4,5,18,Sí,Los fines de semana y días de fiesta,No,No,4,Sí,No,No,10
Hombre,60,3,3,5,4,3,3,4,3,5,3,3,4,5,4,5,3,5,3,4,5,4,4,4,5,4,4,4,4,5,4,5,4,5,4,3,4,4,5,5,4,4,3,2,4,3,5,3,4,2,4,,3000,No,0,5,30,21,No,Nunca,No,No,,Sí,No,No,5
Hombre,26,4,3,4,5,3,4,4,4,4,4,4,3,4,4,4,3,4,3,4,4,4,4,4,4,4,4,4,4,5,5,3,5,4,3,4,4,3,3,4,3,4,2,3,4,2,4,2,3,3,3,,2400,No,0,2 o 3,10,12,No,Los fines de semana y días de fiesta,No,No,,Sí,No,No,6
Mujer,26,4,4,4,3,3,3,5,5,5,4,4,3,4,4,4,4,4,2,4,4,5,5,4,4,5,5,5,5,4,4,3,4,3,3,4,4,4,3,4,4,4,3,4,4,4,4,3,5,4,3,,,No,1,8,10,8,Sí,Los fines de semana y días de fiesta,No,No,,Sí,Sí,No,4
Mujer,33,4,1,5,4,4,5,5,4,4,4,4,1,3,2,3,2,4,1,2,4,4,4,4,5,4,3,4,4,3,4,3,4,4,2,4,4,5,3,3,4,5,4,5,5,5,4,4,3,5,3,,2000,No,0,5,12,20,Sí,Los fines de semana y días de fiesta,No,Sí,,Sí,No,No,5
Hombre,35,5,5,5,4,4,5,4,3,4,4,5,4,5,5,4,5,5,3,5,5,5,5,4,5,5,5,5,5,5,4,3,4,5,4,5,5,4,3,4,3,5,3,5,3,3,4,4,5,5,4,,,No,0,3,7,,Sí,Esporádicamente,No,Sí,,Sí,No,No,1
Hombre,22,4,4,4,4,4,5,4,4,4,4,4,3,3,4,4,3,4,2,3,4,5,5,4,5,5,4,4,5,5,4,5,5,5,5,4,5,5,5,5,5,4,5,5,4,5,4,5,5,5,5,11.3,,Sí,2,4,10,18,Sí,Los fines de semana y días de fiesta,No,No,4,Sí,No,No,20
Mujer,21,4,1,2,4,2,5,3,2,2,2,4,4,2,2,1,4,2,4,3,2,2,2,3,3,2,2,3,3,2,3,3,2,2,1,2,2,2,1,1,1,3,1,2,2,2,1,2,3,2,2,12.02,,No,0,3,5,13,No,Nunca,No,Sí,,Tal vez,No,No,5
Mujer,46,4,5,4,5,5,5,4,3,4,5,5,3,3,4,3,4,3,3,3,5,3,3,5,5,5,3,5,3,3,5,3,2,3,1,4,4,3,2,5,3,5,1,4,4,4,4,4,5,4,4,,2000,Sí,0,2,5,10,No,Nunca,No,No,35,Tal vez,No,No,0
Hombre,47,5,5,5,5,5,5,5,5,5,5,5,5,5,5,5,5,5,5,5,5,4,5,4,5,5,4,5,4,4,5,4,3,4,3,1,4,3,3,4,4,5,3,4,5,5,5,5,5,5,5,,2500,No,1,3,15,20,Sí,Los fines de semana y días de fiesta,No,No,30,Sí,No,No,7
Hombre,23,2,2,4,4,3,4,3,4,4,4,2,3,4,4,4,4,4,4,4,5,2,2,4,3,4,1,3,2,4,3,2,2,2,2,2,3,2,2,3,3,4,1,2,2,3,4,2,2,3,3,7,,No,10,3,5,40,No,Nunca,Sí,No,30,Tal vez,No,No,4
Mujer,20,2,2,4,3,2,4,2,4,2,2,2,3,3,4,2,3,4,4,4,4,5,5,5,5,5,5,5,5,5,5,4,5,4,1,4,4,3,2,4,4,3,1,4,2,2,2,1,3,3,3,11,,No,1,10,20,14,No,Nunca,No,No,,Sí,No,No,4
Mujer,58,4,3,3,3,4,4,4,4,3,5,4,4,5,4,5,4,4,5,5,5,5,4,5,5,5,2,5,3,4,4,4,4,5,4,4,5,5,5,4,5,5,4,5,5,5,5,5,5,5,5,5.5,,No,0,1,5,20,No,Nunca,No,No,,Sí,No,No,5
Hombre,62,5,5,5,5,5,5,5,5,5,5,5,1,5,5,5,5,5,5,5,5,5,5,5,5,5,5,5,5,5,5,5,5,5,1,5,5,5,5,4,5,5,5,5,5,5,5,5,5,5,5,8,,No,0,5,100,10,No,Nunca,No,No,,Sí,No,No,40
Hombre,54,3,4,4,3,3,4,4,4,4,4,3,4,4,4,4,4,4,4,4,4,4,4,4,4,4,3,4,4,4,4,4,3,3,4,3,3,4,4,3,4,4,3,3,4,4,4,4,4,4,4,6.5,4000,No,2,3,15,14,No,Esporádicamente,No,No,12,Sí,No,No,6
Mujer,22,4,4,4,4,5,5,4,5,4,5,3,4,4,4,4,2,3,4,4,5,5,4,4,4,4,5,4,5,4,4,1,3,1,1,4,3,1,1,3,3,3,2,2,2,2,2,1,2,2,2,10.5,,No,,3,6,,No,Esporádicamente,No,Sí,10,Tal vez,No,No,7
Mujer,47,4,3,3,3,4,3,3,4,3,4,3,4,4,3,2,2,4,3,2,4,4,4,4,4,4,4,5,4,5,4,2,2,2,1,2,2,3,2,2,2,3,3,3,3,2,3,2,4,3,3,7,2000,Sí,2,3,20,3,No,Casi todos los días,No,No,5,Sí,No,No,2
Hombre,23,5,2,4,5,5,4,5,5,5,3,4,3,4,4,4,5,5,4,4,5,5,5,5,5,5,5,5,5,5,5,4,5,4,3,4,5,5,4,5,4,4,3,4,4,4,4,4,5,4,4,13.45,,No,3,7,20,14,No,Los fines de semana y días de fiesta,No,Sí,0,Sí,No,No,8
Mujer,53,3,3,4,3,4,3,3,4,4,3,4,3,4,4,4,3,4,4,3,4,4,4,5,5,4,4,5,4,4,4,2,2,2,1,2,2,3,1,2,3,4,3,2,4,4,4,3,3,3,3,7,3700,No,0,2,25,12,No,Esporádicamente,No,No,4,Sí,No,No,14
Mujer,53,3,2,4,3,3,3,4,4,4,4,3,3,4,4,4,4,4,4,4,4,4,4,5,5,4,4,5,4,4,4,2,2,2,1,2,2,3,2,2,2,4,3,3,4,4,4,3,3,4,4,7,3700,No,0,2,25,12,No,Esporádicamente,No,No,4,Sí,No,No,16
Hombre,55,4,4,5,4,5,5,4,4,4,5,5,3,4,4,4,3,4,4,3,4,4,4,5,3,5,5,5,3,5,4,2,4,4,1,4,2,3,2,3,3,5,3,4,5,5,4,4,4,4,4,6.5,2200,Sí,0,3,25,10,No,Esporádicamente,No,No,6,Sí,No,No,6
Hombre,31,1,5,1,3,2,3,2,2,1,1,1,1,1,1,1,1,1,3,3,3,2,3,2,4,5,2,1,1,1,1,1,2,1,1,1,1,1,1,1,1,1,1,2,1,1,1,1,3,1,1,10,1500,No,0,7,5,8,No,Esporádicamente,No,Sí,14,Tal vez,No,No,14
Mujer,21,3,4,4,3,4,4,4,3,3,3,3,4,4,4,4,4,4,3,4,5,4,4,4,4,4,4,4,5,4,5,3,4,3,2,3,3,3,1,3,4,4,3,3,3,3,4,3,4,3,4,9,,No,6,1,6,60,No,Esporádicamente,No,No,0,Tal vez,No,No,12
Hombre,20,4,2,2,3,2,4,4,4,3,2,4,4,4,4,4,5,3,5,5,5,4,3,3,2,4,2,4,5,4,4,4,3,4,2,4,2,4,2,1,3,5,3,2,5,4,4,5,3,4,4,11.43,,No,2,3,15,,No,Esporádicamente,No,No,0,Sí,No,No,0
Mujer,43,4,2,4,3,4,4,4,3,4,4,4,2,3,2,2,2,2,2,3,3,4,4,4,3,4,4,3,4,2,4,2,3,2,2,4,2,2,2,2,2,3,2,2,3,4,2,4,2,2,2,,3000,No,0,5,7,14,No,Nunca,Sí,Sí,10,Tal vez,No,No,2
Hombre,21,4,1,4,1,3,5,5,5,4,5,3,4,3,4,4,3,3,3,3,3,4,5,3,4,3,4,4,4,4,3,1,3,3,1,3,2,3,1,3,2,2,1,2,2,3,2,1,4,1,3,13.21,200,No,0,3,10,5,No,Nunca,No,Sí,3,Tal vez,No,No,0
Mujer,51,5,4,4,5,5,5,5,4,4,5,5,2,2,1,1,1,2,1,2,4,5,5,5,5,5,4,5,5,4,5,3,3,4,1,1,1,5,1,3,2,3,2,2,3,3,2,3,2,4,3,,1300,Sí,0,1,12,7,Sí,Esporádicamente,Sí,Sí,0,Sí,No,No,7
Hombre,31,3,2,2,5,5,5,1,4,4,4,4,3,4,3,3,4,4,1,4,4,5,5,5,5,5,5,5,5,5,5,4,5,5,5,5,5,4,5,4,3,5,1,1,4,3,4,1,2,2,2,,780,No,0,3,4,35,No,Nunca,No,Sí,28,Tal vez,No,Sí,20
Mujer,19,5,3,5,4,4,5,4,5,4,5,4,2,4,4,4,2,4,3,3,4,5,5,4,4,5,5,5,5,5,5,3,4,4,3,4,3,4,4,3,3,4,2,3,3,3,5,3,3,2,3,11,,No,2,7,10,,No,Nunca,No,Sí,,Sí,No,No,3
Mujer,49,3,3,3,4,4,2,3,4,3,4,4,3,3,3,2,3,3,3,3,2,5,5,5,5,5,4,5,5,5,4,4,3,3,2,4,3,2,1,4,3,3,2,3,2,3,2,3,3,4,2,,2500,Sí,0,2,4,3,No,Esporádicamente,No,Sí,10,Tal vez,No,No,2
Hombre,19,4,4,4,2,3,2,2,4,3,4,3,3,3,4,4,4,4,4,2,3,4,2,2,3,4,4,3,3,4,3,3,2,4,3,5,3,4,3,3,4,3,3,4,4,4,3,4,3,4,4,10.73,,Sí,2,5,10,,Sí,Los fines de semana y días de fiesta,No,No,,Sí,No,No,3
Hombre,48,5,3,4,5,5,5,4,4,4,5,5,3,1,2,3,2,3,1,3,3,4,4,5,4,4,5,5,5,5,4,2,3,1,1,1,2,2,3,2,2,4,3,4,5,5,4,4,5,5,5,,3000,No,0,3,20,6,No,Esporádicamente,No,No,0,Sí,No,No,2
Mujer,20,4,3,5,4,5,5,4,3,4,4,4,2,4,4,4,5,4,3,3,4,3,4,4,4,3,3,4,4,4,3,5,4,5,3,4,4,4,3,5,5,5,5,5,5,5,5,5,5,5,5,9.55,1550,No,0,2,30,40,Sí,Esporádicamente,No,Sí,0,Sí,Sí,No,4
Mujer,21,3,2,3,2,3,2,3,3,4,3,2,3,4,4,4,4,4,4,4,5,2,2,2,1,2,2,2,2,2,2,3,4,3,2,4,3,3,1,3,3,5,3,4,5,5,4,4,4,4,4,9.7,,No,2,7,40,20,Sí,Los fines de semana y días de fiesta,No,No,4,Sí,No,No,5
Mujer,21,3,3,4,4,4,2,4,4,4,3,4,2,3,3,3,3,3,4,2,4,4,4,5,4,5,5,5,4,5,4,3,3,4,2,3,4,4,3,2,3,4,3,4,4,4,4,5,4,4,4,8,700,No,2,5,10,48,Sí,Esporádicamente,No,Sí,0,Sí,Sí,No,4
Hombre,24,3,4,3,3,3,3,3,3,4,4,3,3,4,4,4,3,3,3,4,5,4,4,4,4,4,3,4,4,4,4,4,4,4,3,4,4,4,3,4,4,4,3,4,4,4,4,3,4,3,4,9.5,1300,Sí,0,10,20,14,Sí,Los fines de semana y días de fiesta,No,No,16,Tal vez,No,No,6
Mujer,56,4,2,4,3,4,4,4,4,4,4,3,2,2,3,3,2,2,2,2,2,3,4,4,4,4,4,4,5,4,4,3,4,4,4,3,2,4,2,2,3,4,4,4,4,4,4,4,4,4,4,5,60,Sí,0,2,10,20,No,Casi todos los días,No,No,6,Sí,No,No,15
Mujer,40,4,3,4,5,5,5,3,4,4,4,4,2,3,4,3,3,4,4,3,5,5,5,5,5,5,5,5,4,5,5,1,3,1,,3,2,1,1,3,3,4,4,4,3,3,4,4,4,4,4,5.5,,No,0,3,20,4,No,Nunca,No,No,0,Sí,No,Sí,0
Mujer,57,5,4,4,3,3,5,3,3,4,5,3,2,4,4,4,4,4,2,4,4,5,5,4,5,5,4,4,3,5,4,1,4,2,1,3,3,2,2,3,3,4,3,4,4,4,4,5,3,3,4,9,1200,No,1,5,3,40,Sí,Esporádicamente,No,Sí,,Sí,No,No,0
Hombre,50,2,3,4,2,3,3,3,3,3,3,3,5,5,5,5,5,5,5,5,3,5,5,5,4,5,5,5,5,5,5,4,4,4,4,4,4,4,4,4,4,2,4,3,2,2,2,1,2,2,2,,1800,No,0,2,8,48,No,Nunca,No,No,,Sí,No,No,15
Mujer,21,4,3,3,4,4,5,3,3,4,4,4,2,3,4,4,4,4,4,4,4,3,4,3,3,4,3,3,4,3,4,4,5,4,3,4,4,4,4,4,4,3,3,3,3,3,3,3,3,3,3,6,,Sí,10,1,10,,No,Esporádicamente,No,No,,Tal vez,No,No,
Hombre,26,5,4,4,4,5,4,4,5,4,4,5,2,3,3,3,3,3,2,3,4,5,5,5,5,5,5,5,5,5,5,5,5,5,5,5,5,5,5,5,5,5,5,5,5,5,5,5,5,5,5,12,950,Sí,0,3,20,,No,Nunca,No,No,,Sí,No,No,20
Hombre,54,1,2,1,1,1,1,2,1,1,1,1,1,1,1,1,1,1,2,1,2,1,1,1,2,1,2,1,1,1,1,1,1,1,1,1,1,1,1,1,1,1,1,1,1,1,1,1,1,1,1,5,,No,10,0,3,0,Sí,Los fines de semana y días de fiesta,No,No,,No,No,No,0
Hombre,27,3,2,1,2,1,3,1,1,5,2,1,1,1,1,1,2,1,3,1,2,5,4,2,4,2,3,5,3,3,2,5,2,5,5,5,3,5,5,2,2,5,1,2,5,4,5,3,2,2,3,7,,No,0,5,,0,No,Nunca,Sí,Sí,3,No,No,No,24
Mujer,22,3,4,2,3,3,2,4,5,3,4,3,2,3,2,3,3,3,3,3,4,2,3,3,3,3,2,3,4,2,4,1,1,2,3,3,3,2,2,4,5,2,3,2,2,2,2,1,2,1,3,5,,No,1,3,6,24,No,Los fines de semana y días de fiesta,No,No,,Tal vez,No,No,3
Mujer,56,3,3,4,5,5,3,3,4,3,4,4,3,3,4,4,3,4,3,4,3,4,5,5,2,5,5,3,5,5,4,1,3,1,1,2,3,1,1,3,3,3,4,3,4,4,4,4,4,4,3,7,,No,0,2,3,2,No,Esporádicamente,No,Sí,,Tal vez,No,No,3
Hombre,23,4,2,4,5,4,2,3,4,4,4,5,1,5,4,4,3,2,5,4,5,2,2,1,1,1,2,1,3,2,1,2,2,1,1,1,2,1,1,3,2,5,4,4,5,5,4,5,4,3,5,,,No,2,4,11,14,Sí,Casi todos los días,Sí,Sí,4,Tal vez,Sí,No,14
Mujer,25,5,3,4,5,5,5,4,5,4,4,5,3,3,4,3,3,4,3,4,4,4,4,2,3,3,2,3,4,4,4,4,4,2,1,3,2,2,1,3,4,4,2,3,2,2,3,2,2,2,2,8,400,No,1,4,15,50,No,Esporádicamente,No,No,2,Tal vez,No,No,6
Mujer,55,5,5,5,5,5,5,4,4,5,5,5,4,4,4,3,3,3,4,4,4,5,5,5,5,5,4,5,3,5,5,2,4,3,3,4,5,3,3,4,4,4,3,4,5,5,4,4,5,4,5,8,1100,No,0,2,20,14,No,Nunca,No,No,2,Sí,No,No,4
Hombre,61,5,5,5,5,5,5,5,5,5,5,5,4,4,5,5,5,5,4,5,5,5,4,5,5,5,5,5,5,5,5,4,5,5,4,4,5,4,3,4,4,5,4,5,5,5,5,4,5,5,5,8,,No,0,7,300,0,No,Esporádicamente,No,No,20,Sí,No,No,
Hombre,22,3,5,4,4,3,3,4,4,4,4,3,4,2,3,5,4,4,4,2,5,3,4,4,1,2,4,5,,4,4,3,4,4,3,2,3,4,2,2,2,2,3,3,2,4,3,3,3,3,4,10.56,1500,Sí,0,5,20,47,No,Esporádicamente,Sí,Sí,10,Sí,No,No,100
Mujer,20,3,4,3,2,3,3,3,2,3,3,3,3,3,3,3,2,4,2,2,3,2,2,3,3,3,3,2,2,3,2,2,3,2,3,4,3,4,2,2,4,3,3,2,3,3,3,3,2,3,3,,,Sí,10,1,89,100,No,Esporádicamente,No,Sí,200,Sí,No,No,100
Hombre,40,3,2,3,2,4,4,2,,2,3,2,4,3,3,3,4,3,4,3,4,4,3,4,4,4,3,4,4,3,4,4,3,3,4,3,3,3,4,3,4,4,2,3,4,4,2,4,3,4,4,7,4000,No,0,2,10,24,Sí,Esporádicamente,Sí,Sí,20,Tal vez,No,No,20
Mujer,54,4,4,2,3,4,2,2,2,2,4,3,3,3,4,3,3,3,3,4,2,3,3,3,3,3,3,3,2,3,3,4,3,2,2,4,3,3,4,4,3,3,4,4,4,3,3,2,3,4,3,10,5000,No,0,1,17,10,Sí,Los fines de semana y días de fiesta,No,Sí,20,Sí,No,No,0
Mujer,31,5,4,5,5,5,5,5,5,5,4,4,4,4,4,5,4,5,4,4,5,5,5,4,5,5,5,5,5,5,5,4,5,4,3,4,5,4,3,4,4,5,4,5,5,5,5,5,5,5,5,,3000,No,0,8,50,24,No,Los fines de semana y días de fiesta,No,No,5,Sí,No,No,
Mujer,20,4,3,5,4,4,5,4,4,4,4,4,2,3,3,4,4,4,3,4,5,5,5,5,5,5,4,5,5,5,5,4,4,4,5,3,3,5,5,3,4,4,3,4,5,5,4,4,5,5,4,,,No,0,10,25,12,No,Esporádicamente,No,No,7,Sí,No,No,7
Hombre,36,4,3,4,5,4,4,3,4,4,2,4,1,2,2,4,2,2,3,2,3,4,4,4,4,4,5,4,4,5,4,4,4,4,4,4,4,4,5,4,4,4,3,5,3,3,3,4,4,4,3,12.9,1300,No,0,4,30,6,No,Esporádicamente,No,No,0,Sí,No,No,8
Mujer,29,4,2,4,4,4,4,3,4,4,4,4,3,4,4,4,4,4,4,4,4,4,4,5,5,5,3,5,4,3,4,4,4,4,3,4,3,3,4,4,4,5,4,4,5,5,4,4,5,4,5,8,1200,No,1,20,50,50,No,Los fines de semana y días de fiesta,No,No,,Sí,No,No,4
Hombre,22,5,5,5,5,5,4,5,5,5,5,5,2,3,4,3,3,3,2,3,1,4,4,3,3,4,5,4,5,5,4,5,5,5,5,5,5,4,3,5,5,4,4,4,4,4,4,4,5,4,4,10.28,26,No,2,3,33,12,No,Esporádicamente,No,No,20,Sí,No,No,9
Hombre,30,5,3,5,4,4,4,5,4,4,5,5,4,4,4,5,4,4,4,4,3,5,4,3,4,5,5,4,4,5,5,3,5,3,2,3,4,4,3,4,4,4,3,3,4,2,3,4,5,5,4,8,1200,No,0,3,10,8,Sí,Los fines de semana y días de fiesta,No,Sí,0,Sí,No,No,2
Mujer,23,5,3,4,4,5,4,3,4,4,4,5,3,4,4,4,3,4,3,4,4,4,5,4,4,5,4,5,4,5,4,3,3,3,2,4,3,3,3,2,3,4,4,3,4,3,4,4,3,3,3,11.5,,Sí,0,3,20,20,No,Los fines de semana y días de fiesta,No,No,,Sí,No,No,6
Mujer,31,5,4,5,5,5,5,5,5,5,5,5,4,4,5,5,5,5,4,5,5,5,5,4,5,5,5,5,5,5,5,4,4,4,3,4,5,4,4,4,5,5,4,5,5,5,4,5,5,5,5,,3000,No,0,7,50,25,No,Los fines de semana y días de fiesta,No,Sí,5,Sí,No,No,5
Hombre,20,4,2,4,4,4,2,4,3,4,4,3,3,4,3,3,2,4,4,4,4,3,3,4,4,4,2,4,3,2,4,4,4,4,4,4,4,4,4,4,4,4,3,4,4,4,4,4,4,3,4,,,Sí,14,6,15,18,Sí,Esporádicamente,Sí,Sí,0,Tal vez,No,No,5
Hombre,56,5,3,5,5,4,4,5,4,5,5,4,1,3,3,3,3,3,2,2,4,4,5,3,5,5,4,5,4,4,4,4,5,5,3,3,2,4,4,2,2,3,3,4,4,4,4,4,4,4,4,11,2700,Sí,0,2,20,4,No,Nunca,No,Sí,84,Sí,No,Sí,2
Mujer,36,5,4,4,3,3,3,5,3,5,5,3,3,2,2,2,3,2,2,3,3,5,5,5,5,5,5,5,5,5,5,3,4,2,2,3,4,2,2,4,5,4,5,5,5,5,4,5,5,5,5,10,800,No,2,0,4,6,No,,Sí,Sí,80,Tal vez,No,No,1
Mujer,20,4,1,3,4,4,5,4,3,4,4,3,1,3,3,3,2,2,3,3,4,4,4,4,4,4,3,4,3,3,3,2,4,2,2,4,4,3,2,3,4,4,5,4,4,4,4,4,4,4,4,10,,No,3,4,26,4,No,Nunca,Sí,Sí,72,No,No,No,2
Hombre,23,5,3,4,3,4,5,3,5,4,4,3,2,5,4,4,3,4,5,4,4,5,5,5,5,5,5,2,5,4,5,4,3,5,1,2,3,5,3,3,4,4,4,3,5,4,4,4,4,3,4,10.5,,No,1,7,35,48,No,Los fines de semana y días de fiesta,No,No,0,Sí,Sí,Sí,7
Mujer,18,5,4,4,4,4,4,5,5,4,4,4,3,3,2,4,3,3,2,3,4,5,5,4,5,5,5,4,5,5,5,5,5,5,5,4,5,5,5,4,5,5,4,4,3,4,4,4,4,4,4,10,,No,,3,10,10,No,Los fines de semana y días de fiesta,No,Sí,,Sí,No,No,
Hombre,38,5,5,5,5,5,4,5,5,5,5,5,5,5,5,5,5,4,3,5,4,5,5,5,5,5,5,5,3,5,3,4,4,3,3,5,5,5,4,5,4,4,3,3,4,5,4,4,4,4,4,,1300,No,0,6,12,15,No,Esporádicamente,No,No,50,Sí,No,No,0
Hombre,38,5,4,5,5,5,4,5,5,5,5,5,5,4,5,5,5,5,4,5,5,5,5,5,5,5,5,5,4,5,4,4,4,4,4,4,5,5,4,5,4,4,4,4,4,4,5,5,4,4,4,,1300,No,0,6,15,10,No,Esporádicamente,No,No,40,Sí,No,No,10
Mujer,60,5,4,4,5,5,4,4,4,5,5,5,4,5,4,4,4,4,5,4,5,3,2,3,4,,3,4,3,4,3,3,3,2,1,3,3,3,2,4,4,5,4,3,5,5,5,5,3,5,5,,,No,0,3,12,6,Sí,Nunca,No,Sí,,Sí,No,Sí,2
Mujer,20,3,2,5,2,5,5,5,5,4,5,3,2,3,3,2,2,2,3,2,4,2,2,4,2,2,4,4,3,4,2,2,3,4,1,4,5,3,3,5,4,3,3,2,2,2,2,5,3,2,4,,,No,0,4,4,3,No,Nunca,No,Sí,35,Sí,No,Sí,0
Hombre,19,5,1,5,3,5,5,5,5,5,5,5,3,5,5,5,2,5,4,5,3,5,5,5,5,5,5,5,5,5,5,4,4,4,2,4,4,5,4,4,4,5,4,5,5,5,5,5,5,5,5,,200,No,2,5,,,No,Los fines de semana y días de fiesta,No,No,,Sí,No,No,3
Hombre,52,4,3,4,4,3,4,4,4,3,3,4,4,4,4,4,4,4,2,4,4,5,5,4,5,5,3,5,3,4,4,4,3,4,3,4,4,4,4,4,4,4,3,4,4,3,4,3,4,4,3,4,4000,No,0,1,10,50,No,Los fines de semana y días de fiesta,No,No,10,Sí,No,No,5
Mujer,52,5,4,5,5,5,4,5,5,4,4,5,3,4,5,5,4,5,4,5,4,5,5,5,5,5,4,5,3,5,5,4,5,4,4,5,4,3,5,4,5,5,3,5,5,5,5,5,4,4,5,6.5,2800,No,0,2,12,14,No,Esporádicamente,No,No,2,Sí,No,No,5
Mujer,20,2,3,3,2,4,3,3,4,3,3,3,4,4,5,3,4,4,3,4,3,4,3,3,3,3,4,4,4,4,4,5,5,5,3,4,4,5,2,5,4,3,3,3,4,4,4,4,4,3,4,9.5,100,No,2,5,50,35,No,Los fines de semana y días de fiesta,No,Sí,0,Sí,Sí,Sí,3
Mujer,20,4,4,4,3,4,4,5,5,3,4,3,4,4,5,4,2,4,5,4,4,5,5,5,5,5,4,5,4,5,4,2,4,2,3,3,4,3,3,2,4,5,5,5,5,5,5,5,5,5,5,6,,No,0,6,18,15,No,Los fines de semana y días de fiesta,No,No,2,Sí,No,No,3
Mujer,21,5,5,5,4,3,5,5,5,4,5,5,4,3,4,4,4,4,2,4,5,5,5,5,5,5,5,5,5,5,5,5,5,5,4,4,5,5,5,5,5,5,5,5,5,5,5,5,5,5,5,11.5,,No,2,9,15,,Sí,Los fines de semana y días de fiesta,No,No,,Sí,No,No,4
Hombre,20,5,4,5,5,5,5,4,5,5,5,5,4,4,4,5,4,5,4,5,4,5,5,5,5,5,5,5,5,5,5,4,4,4,3,5,5,5,4,3,5,5,5,5,5,5,5,5,5,5,5,13.3,500,No,,20,80,,Sí,Los fines de semana y días de fiesta,No,Sí,,Sí,No,No,1
Hombre,59,3,3,4,4,3,4,3,4,3,3,3,3,3,3,3,4,3,2,4,3,4,4,3,3,4,3,4,3,4,4,3,2,3,1,3,4,3,3,2,3,3,2,3,3,3,2,2,3,4,4,11,,No,,5,15,14,No,Esporádicamente,No,No,2,Sí,No,No,5
Mujer,51,3,3,3,3,3,3,3,3,3,3,3,2,2,3,3,2,3,3,2,3,3,3,3,3,3,3,3,3,3,3,1,3,1,1,1,2,1,1,1,3,3,3,3,3,3,3,3,3,3,3,9,2000,No,0,5,20,60,No,Esporádicamente,No,No,12,Sí,No,No,4
Mujer,20,3,4,4,3,3,4,4,4,4,5,3,3,3,4,3,3,3,3,3,4,4,5,4,4,5,5,5,5,5,5,3,3,3,3,3,3,3,3,3,3,4,5,4,5,5,4,5,5,5,5,13.55,,No,15,15,100,30,Sí,Los fines de semana y días de fiesta,No,No,20,Sí,No,No,5
Hombre,24,5,3,5,5,5,4,5,4,5,4,4,3,4,3,4,4,3,5,4,5,4,5,4,5,3,5,4,5,5,5,3,4,4,1,4,4,3,2,3,4,5,3,4,5,5,4,5,5,5,5,10.74,,Sí,0,3,8,8,No,Esporádicamente,No,Sí,8,Tal vez,No,No,6
Hombre,19,4,4,4,4,4,3,4,4,3,3,4,3,4,4,4,3,4,4,4,4,4,4,4,4,3,4,4,3,4,4,4,4,3,4,4,3,4,3,4,3,3,3,3,4,4,4,4,4,4,4,12.3,,No,0,7,23,7,No,Los fines de semana y días de fiesta,No,Sí,5,Sí,No,No,6
Hombre,56,4,5,5,2,2,4,5,5,5,4,2,5,4,5,5,5,5,5,5,5,5,5,5,5,5,5,5,5,5,4,1,4,1,1,5,4,1,1,5,3,4,1,2,4,2,5,1,4,2,1,6,10,No,0,2,5,10,No,Esporádicamente,No,Sí,0,Sí,No,No,13
Mujer,57,5,3,5,5,5,5,5,5,5,5,5,1,4,4,4,4,4,2,3,5,4,5,5,5,5,1,5,1,5,5,5,5,5,3,5,5,5,1,5,4,4,2,3,4,5,4,3,3,5,2,10,,No,0,2,0,5,No,Esporádicamente,No,Sí,10,Sí,No,No,10
Mujer,19,5,3,3,4,4,5,4,4,4,4,4,4,3,4,3,4,3,4,4,3,4,3,4,4,4,4,4,4,4,4,3,4,5,3,4,3,4,4,3,3,3,2,3,4,3,4,3,4,4,4,13.65,,No,0,5,24,10,No,Esporádicamente,No,Sí,5,Sí,No,No,5
Hombre,21,5,5,1,3,2,1,5,1,5,5,3,2,4,3,4,5,5,1,3,4,1,1,2,1,1,1,3,1,1,1,1,1,2,1,1,1,1,1,1,1,4,5,1,1,2,5,1,1,1,1,7,1000,No,2,3,16,60,Sí,Los fines de semana y días de fiesta,Sí,Sí,,No,Sí,No,0
Hombre,23,5,4,4,4,4,4,4,5,5,5,4,4,3,4,4,4,4,4,4,4,4,4,3,4,4,4,4,4,4,4,4,4,4,3,4,4,4,4,4,2,4,2,3,3,3,4,2,3,3,3,9.6,0,No,30,5,10,30,No,Esporádicamente,No,No,50,Sí,No,Sí,3
Hombre,66,3,3,3,4,3,3,4,3,3,3,4,2,2,3,2,2,3,2,2,4,4,4,3,5,4,4,5,3,3,3,3,4,4,4,3,3,3,3,2,3,5,4,3,5,5,4,4,5,4,5,6.3,2000,Sí,,5,20,35,No,Casi todos los días,No,Sí,14,Sí,No,No,7
Mujer,21,2,2,4,1,1,5,5,5,4,4,1,3,5,5,5,5,5,5,5,5,5,5,5,4,5,5,5,5,5,5,4,3,2,1,4,4,3,3,5,5,4,5,5,3,2,4,2,4,4,4,10,300,No,0,8,20,,No,Los fines de semana y días de fiesta,No,Sí,0,Sí,No,No,4
Mujer,21,3,3,3,3,3,4,3,3,3,3,3,4,5,3,4,4,4,4,4,4,2,2,1,1,1,2,2,2,1,2,5,5,4,2,5,4,3,2,4,4,3,2,2,3,5,3,3,3,2,3,,,No,2,3,,10,Sí,Esporádicamente,Sí,No,,Tal vez,No,No,5
Mujer,58,4,3,,4,5,4,5,5,5,5,4,3,4,4,3,4,3,4,3,4,5,5,5,4,5,5,5,4,4,4,4,4,4,3,4,5,3,3,5,4,5,3,4,5,4,4,4,4,4,5,6,7000,No,0,5,30,40,Sí,Casi todos los días,No,No,3,Sí,No,No,10
Mujer,59,5,4,5,4,5,5,5,5,4,5,5,2,5,3,5,3,4,2,3,4,5,4,5,3,4,,4,,5,5,2,4,1,1,4,2,2,1,3,2,4,3,3,3,3,4,2,3,3,3,6.3,,No,0,2,10,22,No,Esporádicamente,No,Sí,6,Tal vez,No,No,7
Hombre,20,4,3,4,4,3,2,4,4,4,4,5,3,3,4,2,2,4,3,3,4,5,5,2,3,4,5,4,5,5,5,5,4,5,5,3,4,5,5,5,4,4,4,4,5,5,4,5,5,4,4,,,No,1,4,30,20,Sí,Los fines de semana y días de fiesta,No,No,0,Sí,No,No,7
Hombre,90,5,4,,,,4,,,,5,3,2,5,5,3,3,3,4,3,5,5,5,5,5,5,,5,,5,4,2,5,3,4,4,4,2,,4,,5,3,2,5,5,5,5,5,4,5,7,,No,,12,20,70,No,Esporádicamente,No,No,15,Tal vez,No,No,10
Mujer,24,4,1,4,3,4,3,4,4,4,3,4,1,5,2,5,2,4,3,4,4,3,3,3,3,3,3,3,4,5,2,3,3,2,2,3,4,4,1,5,5,5,4,4,5,3,5,5,5,5,5,9,1300,No,1,8,60,40,Sí,Casi todos los días,No,Sí,8,Sí,Sí,No,3
Hombre,34,4,5,3,4,4,3,4,4,4,5,5,2,4,4,4,3,3,3,5,5,4,5,5,4,5,5,5,5,5,5,3,3,5,2,2,3,4,4,3,4,3,5,2,4,5,3,4,5,2,4,6,2.5,No,0,2,10,20,Sí,Los fines de semana y días de fiesta,No,Sí,,Tal vez,Sí,No,
Mujer,54,5,3,5,5,5,5,5,5,5,5,5,4,5,5,5,4,5,4,5,4,5,5,5,5,5,4,5,5,5,5,5,4,4,2,4,3,3,4,3,4,5,3,4,5,4,5,4,4,4,4,7.4,3000,No,0,4,20,6,No,Esporádicamente,No,No,6,Sí,No,No,3
Otro,19,2,3,3,2,1,3,4,1,2,3,1,4,3,3,4,,3,2,3,5,1,2,1,1,1,2,,2,3,2,3,3,5,3,1,1,4,4,1,1,5,4,4,4,4,4,5,4,4,4,,,No,2,,30,12,Sí,Esporádicamente,Sí,Sí,,No,Sí,No,15
Hombre,28,5,3,3,5,5,3,2,5,3,2,4,2,3,4,4,3,5,2,4,2,1,2,1,2,1,1,2,1,2,1,4,4,4,3,4,5,4,4,4,5,3,4,4,4,4,2,5,4,4,5,10.2,40,Sí,0,4,20,20,No,Nunca,No,No,0,No,No,No,0
Hombre,21,3,2,5,5,5,3,4,4,3,3,5,4,4,4,4,3,4,1,4,5,4,4,5,3,5,4,4,5,4,4,3,4,4,3,4,4,3,3,4,3,3,1,4,4,5,3,3,4,4,5,,,No,0,1,10,21,No,Nunca,No,No,,Tal vez,No,No,35
Hombre,20,5,4,4,4,,5,5,4,4,4,4,5,5,5,5,4,5,5,5,5,4,3,4,3,5,4,4,4,4,4,5,5,5,5,5,5,5,5,4,5,5,4,4,5,5,5,4,4,4,4,,,No,0,4,200,20,No,Esporádicamente,No,Sí,40,Sí,No,No,7
Mujer,20,3,4,3,4,3,3,4,3,3,4,4,3,5,4,5,4,4,4,4,4,5,5,4,4,5,5,5,3,4,3,5,5,4,4,5,5,4,4,5,5,5,4,5,5,5,4,5,5,4,5,12.6,,No,16,7,30,12,Sí,Casi todos los días,No,No,2,Sí,Sí,No,3
Hombre,45,5,5,4,4,4,4,4,5,4,4,4,4,5,5,5,4,4,5,4,4,5,5,5,5,5,3,4,4,4,4,4,4,5,5,5,5,4,4,5,4,4,4,4,4,4,4,4,4,4,4,,2000,No,0,5,30,40,No,Los fines de semana y días de fiesta,No,No,0,Sí,No,No,20
Mujer,21,5,5,5,5,5,5,4,5,5,5,5,4,3,4,4,4,4,5,3,5,5,5,5,5,5,5,5,5,5,5,2,5,2,1,4,4,2,1,5,5,4,1,1,3,2,4,2,2,1,2,12.6,,Sí,0,5,20,10,No,Nunca,No,No,0,Sí,No,No,4
Hombre,46,4,4,4,3,3,5,4,4,4,2,4,4,5,5,5,4,4,4,4,4,5,5,5,4,5,3,5,4,4,4,4,5,4,4,5,5,5,4,5,5,4,2,2,4,4,5,2,3,3,4,6.5,1400,No,0,6,20,45,No,Nunca,No,No,25,Tal vez,No,No,12
Mujer,20,5,1,5,5,5,5,4,4,5,5,5,3,1,4,2,3,3,5,3,5,3,3,3,2,3,2,4,3,3,4,5,3,4,2,4,3,4,1,4,4,4,3,2,4,4,3,4,4,2,5,13.9,,No,0,8,30,35,No,Esporádicamente,No,Sí,,Tal vez,No,No,3
Mujer,26,4,3,4,4,4,3,4,4,4,4,4,2,4,3,4,3,4,3,4,4,4,4,4,3,3,3,5,3,4,3,2,3,2,2,3,2,3,3,2,2,4,3,3,2,2,4,2,2,3,3,10,,No,2,6,30,48,No,Los fines de semana y días de fiesta,No,No,,Sí,No,No,4
Mujer,50,4,4,4,4,4,4,4,4,4,4,4,2,4,4,4,4,4,3,4,5,5,5,5,5,5,5,5,4,3,5,1,4,2,1,3,4,2,1,4,4,5,2,2,4,4,4,4,4,5,4,6,1500,No,1,4,50,5,Sí,Esporádicamente,No,No,5,Sí,No,No,3
Mujer,19,3,2,2,3,4,3,4,5,3,3,3,3,3,2,2,2,1,1,2,3,4,5,5,5,5,5,5,5,5,5,3,1,1,1,3,2,1,1,3,3,2,3,2,1,1,1,1,2,2,2,,,No,0,7,10,4,No,Nunca,No,No,3,Tal vez,No,No,0
Hombre,51,4,2,3,3,4,4,4,4,4,4,4,3,3,4,4,3,4,4,3,4,5,5,5,5,5,4,5,5,4,4,2,3,2,1,2,3,2,1,3,2,4,3,3,4,3,4,4,4,3,3,6.5,2000,No,0,6,15,8,Sí,Esporádicamente,No,No,1,Sí,No,No,0
Hombre,26,5,5,5,4,5,4,5,3,5,4,4,3,3,5,4,3,4,5,4,4,3,3,4,4,4,3,4,4,3,4,3,4,2,2,3,3,4,2,3,3,5,1,3,4,3,4,2,3,3,3,7.5,1900,No,0,2,7,8,No,Esporádicamente,No,Sí,8,Tal vez,No,No,1
Hombre,28,4,4,5,5,5,4,5,5,5,5,5,3,5,5,5,4,5,5,5,5,5,5,4,4,5,4,4,4,4,4,3,3,4,2,3,3,3,3,4,4,5,5,4,3,3,5,3,3,3,4,5,1300,No,0,3,8,24,Sí,Esporádicamente,No,Sí,12,Tal vez,No,No,4
Mujer,59,5,4,4,5,4,4,4,5,4,5,4,4,4,4,5,5,5,4,5,5,5,5,5,5,5,5,5,5,4,4,3,5,5,3,4,5,4,4,5,4,5,3,5,5,5,5,4,5,4,5,7,4000,No,0,5,7,10,No,Esporádicamente,No,No,10,Sí,No,No,
Hombre,61,5,4,4,5,5,5,5,4,5,5,5,4,5,5,5,4,4,5,5,4,5,5,5,5,5,5,5,4,5,4,3,4,4,3,3,5,4,4,5,4,4,4,5,5,5,5,5,5,5,5,6,,No,0,2,10,12,No,Esporádicamente,No,No,6,Sí,No,No,7
Mujer,20,4,2,4,4,4,4,4,4,3,4,4,3,4,4,2,5,4,5,4,5,4,4,4,4,4,4,4,4,4,4,3,2,3,2,3,2,2,2,2,2,4,3,4,3,3,3,3,4,4,4,10.4,,No,0,11,30,24,Sí,Los fines de semana y días de fiesta,No,No,0,Tal vez,No,No,3
Mujer,60,1,1,1,1,1,1,1,1,1,1,1,1,1,1,1,1,1,,1,1,1,1,1,,1,1,1,,1,,1,1,,,1,1,,,1,1,1,1,1,1,1,1,1,1,1,1,5,1200,No,0,,,20,No,Los fines de semana y días de fiesta,No,No,0,Sí,No,No,0
Hombre,18,3,5,4,3,2,4,4,2,3,3,3,3,5,5,4,4,5,4,4,5,1,3,3,4,3,2,3,3,5,3,4,5,5,4,5,4,5,4,4,5,4,3,4,3,3,4,3,4,4,4,,0,No,0,8,40,20,No,Los fines de semana y días de fiesta,No,No,45,Sí,No,No,8
Mujer,57,3,4,4,4,4,3,3,3,4,4,4,4,3,3,3,3,4,4,4,5,4,4,5,5,5,5,5,4,4,5,3,4,3,1,3,3,3,2,3,3,4,2,3,4,3,2,4,4,2,3,5.5,2000,No,0,60,0,12,No,Esporádicamente,No,No,12,Sí,No,No,2
Mujer,53,3,3,5,4,4,4,4,4,4,4,4,3,4,4,4,4,5,5,4,4,5,5,5,5,5,5,5,5,5,5,3,5,1,1,3,3,2,2,3,3,5,3,3,5,5,5,4,4,4,4,6.8,6000,No,0,4,14,24,No,Esporádicamente,No,No,4,Sí,No,No,2
Mujer,21,5,3,5,4,5,5,5,5,4,5,5,2,4,5,5,4,5,5,5,5,5,5,5,4,5,5,5,5,5,5,4,3,1,1,5,5,3,2,5,5,5,4,5,5,5,5,5,5,5,5,8,400,,0,5,15,23,,,,No,0,,,,1
Hombre,53,4,4,5,5,5,4,4,4,3,3,5,1,2,2,2,2,1,1,2,3,4,3,3,5,5,4,5,4,5,3,3,4,3,2,4,3,3,2,4,3,3,2,3,2,2,2,3,3,3,3,,,Sí,0,,,,No,Esporádicamente,No,No,0,Tal vez,No,No,
Hombre,22,4,2,4,4,4,4,4,4,5,4,3,3,4,4,4,4,5,4,,5,4,4,4,5,4,3,4,4,4,,3,4,5,4,4,4,4,4,3,3,4,3,3,2,3,4,3,3,3,4,8.67,700,No,0,6,0,4,Sí,Esporádicamente,No,No,5,Sí,No,No,12
Mujer,55,4,3,3,4,4,4,3,4,5,4,4,2,3,3,3,3,2,3,2,4,4,4,4,4,4,3,3,4,,4,2,3,4,3,3,3,4,3,3,3,3,4,3,4,2,4,3,3,3,4,,800,No,0,2,7,5,No,Esporádicamente,Sí,No,20,Tal vez,No,Sí,2
Mujer,29,3,3,3,4,3,4,3,3,4,4,3,3,2,3,3,3,3,3,3,4,5,5,4,5,5,4,5,5,4,5,2,3,3,1,2,3,2,4,3,3,3,2,3,2,2,4,2,2,3,2,6,1500,No,0,3,6,5,No,Esporádicamente,No,No,0,Tal vez,Sí,No,0
Hombre,31,3,5,3,5,3,4,4,5,4,5,4,3,5,5,4,3,4,3,2,5,3,3,3,2,4,4,4,4,5,4,3,4,4,1,2,3,4,4,3,4,5,3,4,5,4,4,3,5,5,5,,,No,1,5,30,8,Sí,Esporádicamente,No,Sí,3,Sí,Sí,No,
Hombre,32,2,4,4,4,4,4,4,3,3,4,3,2,4,4,4,3,4,4,3,4,3,4,4,3,4,4,5,4,4,4,2,4,1,1,2,1,2,1,1,1,4,3,3,3,4,3,3,3,3,3,6.25,1400,Sí,1,2,8,12,No,Esporádicamente,No,Sí,0,Tal vez,No,Sí,3
Mujer,19,4,2,4,5,3,5,3,4,3,3,4,2,2,1,3,3,3,3,2,4,4,4,4,4,4,4,4,3,4,4,4,,4,2,4,3,3,3,3,3,3,2,3,2,2,2,1,3,3,3,9.5,,No,1,4,7,5,No,Esporádicamente,No,Sí,0,Tal vez,No,No,3
Hombre,55,4,3,3,4,4,2,4,3,3,4,4,3,3,4,4,4,5,5,4,4,4,2,3,3,3,2,5,1,4,4,3,1,1,1,2,2,1,1,3,1,4,4,1,3,4,4,4,4,3,5,,1400,No,0,2,10,10,No,Los fines de semana y días de fiesta,No,No,0,Sí,No,No,0
Mujer,53,3,4,2,1,2,2,1,2,4,2,2,4,3,4,3,3,3,3,3,1,1,3,1,1,1,2,1,4,1,1,5,2,5,5,5,2,5,5,5,3,2,2,1,1,1,2,1,2,2,1,,800,No,0,2,,,No,Los fines de semana y días de fiesta,Sí,Sí,,Tal vez,No,No,2
Hombre,19,2,1,2,2,1,2,2,4,2,3,2,2,2,3,2,2,2,1,2,1,4,4,4,3,4,4,4,4,4,,3,4,4,3,2,2,4,3,3,3,3,2,3,2,2,3,3,2,2,2,6.5,,Sí,4,5,50,40,No,Los fines de semana y días de fiesta,No,Sí,0,Tal vez,No,No,13
Mujer,21,3,2,5,2,2,4,3,3,3,3,3,3,2,3,2,4,3,3,3,5,2,3,3,3,4,3,2,3,3,3,4,4,4,1,3,3,3,3,2,4,4,4,4,3,3,3,4,5,4,4,9,,No,0,10,13,,No,Esporádicamente,No,Sí,,Sí,No,No,3
Hombre,21,4,4,5,3,4,4,4,5,5,4,3,4,5,5,5,5,4,5,5,3,3,3,2,2,3,3,3,3,3,2,4,4,4,2,3,3,4,3,2,4,3,2,3,3,2,4,1,3,2,2,13,,No,0,3,25,21,No,Esporádicamente,Sí,No,7,Tal vez,No,No,0
Mujer,57,5,2,4,4,5,4,5,4,4,4,5,2,3,3,3,3,3,3,2,4,5,5,5,5,5,4,5,4,5,5,3,4,3,1,5,4,3,2,4,3,4,2,2,3,5,3,2,3,3,2,7,2200,No,0,1,50,30,No,Esporádicamente,No,No,35,Sí,No,No,6
Hombre,55,4,3,4,4,4,5,4,4,5,4,5,3,3,3,3,3,3,3,3,5,5,5,5,5,5,3,5,3,5,5,4,2,3,1,4,3,4,2,4,3,5,2,3,3,3,4,1,3,4,3,6,1500,No,0,1,20,8,No,Los fines de semana y días de fiesta,No,No,0,Tal vez,No,No,3
Mujer,20,3,2,2,4,2,4,3,3,3,4,2,1,3,3,3,3,3,5,3,5,5,5,5,5,5,5,5,5,5,5,5,4,5,4,4,4,5,5,4,4,5,4,4,4,4,4,5,4,4,4,11.87,,No,5,5,26,10,No,Los fines de semana y días de fiesta,No,No,0,Sí,No,No,3
Hombre,21,2,4,3,3,2,3,5,4,4,3,3,4,4,4,4,4,4,4,3,5,5,5,5,4,5,5,5,4,4,4,5,5,5,4,5,5,5,5,4,5,4,3,5,4,5,5,5,5,5,5,6,,No,4,4,25,30,No,Los fines de semana y días de fiesta,No,No,0,Sí,Sí,No,7
Mujer,27,3,4,5,4,2,4,5,5,5,5,4,2,3,4,3,2,3,4,3,3,5,5,5,4,5,4,4,4,5,4,4,5,5,3,4,5,5,5,5,5,5,4,5,5,5,4,5,5,5,5,12,2400,No,0,5,50,,No,Los fines de semana y días de fiesta,No,No,0,Sí,No,No,5
Hombre,57,4,2,5,5,5,2,3,5,5,5,5,2,3,3,4,2,4,4,2,3,5,5,5,5,5,4,5,3,5,5,3,5,2,3,2,2,4,2,2,3,3,1,4,2,3,3,3,5,4,3,0,1500,No,0,40,150,8,No,Esporádicamente,No,No,5,Sí,No,No,13
Hombre,29,3,2,5,4,4,3,4,3,4,4,4,3,4,4,3,3,4,4,4,3,4,5,5,3,5,5,5,5,5,5,3,4,4,2,2,3,5,5,4,4,5,3,3,5,5,4,5,5,4,4,9.6,1200,No,0,10,30,,No,Los fines de semana y días de fiesta,No,No,0,Sí,No,No,3
Mujer,56,4,4,,4,4,4,4,4,4,4,4,3,4,4,4,3,3,3,3,5,4,4,5,5,4,4,5,3,4,3,1,3,1,1,2,4,1,1,4,3,4,3,3,4,4,4,4,4,3,4,0,1500,No,0,2,20,20,Sí,Nunca,No,No,7,Sí,No,No,2
Hombre,19,3,2,3,3,3,5,3,4,3,3,3,2,3,2,2,2,2,3,2,5,5,5,5,3,5,5,4,4,5,4,3,3,5,3,2,3,5,2,3,3,3,5,2,3,2,2,2,5,2,4,11,,No,0,2,20,12,Sí,Los fines de semana y días de fiesta,No,Sí,40,Tal vez,No,No,10
Mujer,19,5,2,5,5,5,4,5,5,4,5,5,2,4,2,3,4,3,2,3,4,5,5,5,4,5,5,5,4,5,5,4,5,5,4,5,5,5,4,4,5,4,3,2,4,4,3,2,3,2,4,9.3,,Sí,0,10,,10,Sí,Los fines de semana y días de fiesta,No,Sí,5,Sí,Sí,No,
Mujer,46,3,3,2,3,4,4,3,5,4,5,4,2,4,3,2,2,2,3,4,2,5,5,5,5,4,5,5,5,4,4,1,2,2,1,3,4,2,1,2,3,3,4,4,4,4,4,5,4,3,4,,,No,0,4,9,12,No,Esporádicamente,Sí,Sí,20,Tal vez,No,No,0
Hombre,42,4,1,4,4,4,3,4,4,4,5,5,2,4,4,5,4,4,3,5,5,3,4,3,2,5,4,4,3,4,4,1,4,4,2,4,3,3,3,3,4,5,1,2,4,4,3,2,3,2,3,,,No,0,2,14,16,No,Esporádicamente,No,Sí,20,Tal vez,No,No,8
Hombre,37,4,2,4,3,4,4,3,4,4,4,4,2,4,4,4,4,4,1,3,4,3,2,4,3,4,5,4,3,5,3,4,4,3,1,4,4,4,2,4,4,5,3,4,5,5,5,4,3,4,3,6.2,3000,Sí,0,3,5,30,No,Nunca,No,No,0,No,No,Sí,1
Hombre,20,3,5,5,3,2,5,5,3,5,5,5,5,5,5,5,5,5,5,5,5,5,5,5,5,5,5,5,4,5,4,5,4,5,5,5,5,5,5,3,4,5,4,5,5,5,5,5,5,5,5,11.1,,No,4,13,30,34,No,Esporádicamente,No,No,14,Sí,No,No,20
Mujer,20,5,3,4,4,5,4,4,4,4,3,4,4,4,5,3,4,4,3,2,4,5,5,2,5,4,3,4,4,4,5,4,3,4,2,4,4,4,4,4,5,3,5,4,3,4,3,4,4,5,4,11,,No,10,5,10,30,Sí,Los fines de semana y días de fiesta,No,Sí,0,Sí,Sí,No,0
Mujer,54,4,4,4,4,4,5,3,3,4,4,4,3,4,4,4,4,5,4,4,4,5,5,5,5,5,5,5,4,5,5,2,4,3,2,4,4,3,3,4,4,4,3,4,4,4,4,4,5,4,5,,2000,No,0,4,10,72,No,Los fines de semana y días de fiesta,No,No,,Sí,No,No,5
Hombre,51,1,2,4,5,3,5,5,1,4,5,5,1,2,3,1,1,1,1,1,2,4,5,5,5,5,5,5,5,4,5,3,4,5,2,4,3,4,4,3,3,5,4,5,5,5,2,5,4,5,5,,,No,,5,11,30,Sí,Casi todos los días,No,Sí,50,Tal vez,No,Sí,10
Mujer,52,5,3,4,4,4,5,3,4,3,3,3,5,4,3,4,3,3,5,3,3,4,4,5,5,5,5,5,5,3,4,2,3,2,1,3,2,2,1,2,3,3,2,2,2,3,3,3,2,3,3,7.5,4000,No,0,0,20,10,No,Esporádicamente,No,Sí,5,Sí,No,No,6
Hombre,54,3,4,5,5,5,4,3,5,4,4,5,3,3,3,3,3,3,3,3,3,5,5,5,5,5,4,5,4,5,4,3,3,3,1,2,4,2,2,3,3,5,4,3,5,4,4,3,3,4,3,7,5000,No,0,1,6,10,Sí,Esporádicamente,No,Sí,0,Sí,No,No,0
Mujer,21,5,5,5,4,5,5,5,5,4,5,4,3,4,2,2,2,3,2,5,5,5,5,5,2,5,2,5,5,5,4,5,4,5,4,4,4,5,4,2,4,5,4,3,5,5,5,5,5,3,5,10.7,300,No,3,6,50,3,No,Esporádicamente,No,Sí,,Sí,No,No,8
Hombre,20,5,1,4,3,5,5,5,5,3,5,4,5,5,5,5,2,4,3,5,5,5,5,5,5,5,5,5,3,5,4,5,4,4,1,5,4,3,1,5,5,5,5,3,4,5,5,5,4,5,5,12.314,300,No,1,4,20,12,No,Esporádicamente,No,No,,Sí,No,No,1
Mujer,31,5,5,5,4,3,5,5,5,5,5,5,4,4,5,3,4,5,5,4,5,3,1,4,3,4,5,5,5,5,5,4,5,4,2,5,2,2,4,5,4,5,3,5,5,5,5,5,5,5,5,,1000,No,,4,507,8,,Nunca,Sí,Sí,,Sí,No,No,10
Mujer,30,5,3,4,5,5,5,4,4,5,5,5,4,3,4,3,3,3,3,4,5,5,5,5,5,5,4,5,4,5,4,5,5,4,4,5,5,4,5,5,5,4,4,4,4,4,3,4,3,4,4,5,1200,No,0,4,6,1,No,Los fines de semana y días de fiesta,Sí,Sí,,Tal vez,No,No,7
Hombre,21,2,1,5,5,4,1,5,4,5,3,4,3,3,2,4,3,5,1,4,5,5,5,3,2,5,5,2,4,2,3,1,4,1,1,3,5,1,3,5,5,5,3,2,5,5,5,5,5,1,5,,0,No,0,1,10,0,Sí,Los fines de semana y días de fiesta,No,No,2,Tal vez,Sí,No,0
Mujer,25,4,4,5,3,4,4,4,4,5,5,4,5,4,4,4,4,4,5,4,4,5,5,5,5,5,5,5,5,5,5,3,4,1,1,2,4,3,1,4,4,5,2,2,4,4,3,5,2,3,3,9.2,1000,No,0,6,6,3,No,Esporádicamente,No,No,0,Sí,No,No,0
Hombre,61,5,4,5,5,5,5,5,5,5,5,5,1,3,3,2,1,2,1,1,1,5,5,5,5,5,1,5,1,5,5,4,3,2,1,2,5,4,2,5,4,2,3,2,2,1,3,2,2,3,2,,1680,No,0,3,6,,Sí,Nunca,No,No,22,Sí,No,No,5
Mujer,21,5,2,4,4,5,5,2,5,4,5,5,4,4,4,4,4,4,2,4,4,5,5,5,4,5,4,4,5,5,5,4,3,5,4,2,2,5,5,2,2,2,2,2,2,4,2,2,2,2,2,11.4,,No,0,1,10,42,No,Esporádicamente,Sí,Sí,108,Tal vez,No,No,0
Hombre,49,4,4,5,4,5,4,4,4,4,5,5,4,4,4,4,4,5,4,2,4,5,5,5,4,5,5,5,4,5,4,5,5,3,1,4,4,4,3,4,4,5,3,4,5,4,5,4,5,5,5,,,No,0,5,4,16,Sí,Casi todos los días,No,No,18,Sí,No,No,8
Hombre,19,3,3,3,3,3,4,2,3,3,3,4,3,4,4,3,4,3,2,3,3,3,3,4,3,3,2,3,2,2,2,1,3,3,1,3,2,3,2,2,2,2,2,2,1,2,2,1,3,2,3,11.35,1500,No,3,6,15,3,No,Esporádicamente,No,No,35,Tal vez,No,No,0
Mujer,24,5,4,5,4,4,4,3,5,4,4,4,3,5,4,3,3,3,2,3,4,5,5,5,5,5,5,5,5,5,5,3,5,5,3,4,4,4,2,4,5,4,3,3,2,1,3,1,1,2,1,13.5,1700,Sí,0,3,27,20,No,Esporádicamente,No,No,5,Sí,No,No,4
Mujer,51,4,4,4,5,4,5,3,5,4,4,5,3,2,2,3,2,2,3,2,5,5,5,5,5,5,5,5,4,5,5,3,4,4,2,3,3,4,2,3,5,3,2,2,3,3,3,3,3,3,2,6,1200,No,0,2,2,12,No,Esporádicamente,No,No,6,Tal vez,No,No,6
Mujer,23,3,2,4,3,4,5,4,5,4,4,3,2,3,3,3,4,3,2,4,4,3,5,5,4,5,5,5,5,5,4,3,4,3,1,4,3,3,1,3,4,5,4,2,5,5,5,4,3,2,3,7,,Sí,0,3,30,10,No,Esporádicamente,No,Sí,0,Sí,No,No,12
Mujer,65,3,4,3,3,3,3,3,3,3,4,3,4,4,4,4,4,4,4,4,4,3,3,4,4,4,4,4,3,4,3,3,4,3,2,3,3,3,3,4,4,4,2,4,4,3,4,3,2,4,3,,,,,,3,2,Sí,Esporádicamente,No,No,1,Tal vez,No,No,1
Mujer,20,4,2,4,3,4,3,3,4,3,4,3,3,2,3,2,2,2,2,2,4,5,5,5,5,5,5,5,5,5,4,4,4,5,4,4,4,4,4,4,4,4,3,4,4,4,3,3,4,4,3,,,No,6,5,7,4,No,Los fines de semana y días de fiesta,No,Sí,5,Tal vez,No,No,0
Hombre,19,2,3,1,3,3,3,3,3,2,1,4,3,5,4,2,4,3,5,3,1,3,3,3,1,2,2,3,3,3,4,1,1,1,1,1,1,1,1,1,1,3,1,4,3,4,3,3,3,3,4,10.7,800,No,10,4,5,0,No,Esporádicamente,Sí,No,,Tal vez,Sí,No,0
Hombre,44,3,3,3,2,3,2,3,4,4,4,2,3,4,4,4,4,4,2,4,3,5,5,5,5,5,5,5,5,5,5,3,4,3,2,4,4,4,3,4,4,4,3,3,4,4,3,5,4,3,4,,,,,2,3,3,No,Nunca,No,No,2,Sí,No,No,1
Hombre,61,5,4,4,5,5,5,4,5,5,5,4,5,5,4,5,5,5,4,5,5,5,5,5,5,5,5,5,4,5,5,3,4,3,4,4,4,3,3,3,4,4,3,3,4,5,4,4,5,3,5,,905,No,1,6,10,3,No,Nunca,No,Sí,,Sí,No,No,6
Mujer,23,,3,4,5,4,5,4,5,4,4,4,3,3,3,4,3,4,3,4,4,2,3,3,2,2,2,3,2,3,2,4,4,4,3,3,3,4,4,3,3,4,3,3,3,4,3,2,3,2,3,11.7,,No,20,3,6,6,No,Nunca,No,Sí,,Tal vez,No,No,6
Mujer,55,5,3,5,5,5,5,5,4,4,5,5,4,2,4,4,3,4,2,4,4,4,4,3,3,4,3,5,3,3,3,3,2,2,1,3,3,4,2,3,2,4,2,4,5,5,4,4,5,4,4,8,,No,0,4,8,20,No,Esporádicamente,No,Sí,40,Tal vez,No,No,8
Hombre,62,5,4,5,4,5,5,5,4,4,4,5,2,3,2,3,3,3,2,3,4,5,5,5,5,5,4,5,4,5,5,1,2,2,1,3,3,3,2,3,3,5,3,4,5,5,4,4,4,5,4,,,No,2,4,5,6,No,Nunca,No,No,9,Sí,No,Sí,2
Hombre,22,4,3,3,3,3,5,3,3,3,3,3,2,2,3,3,3,3,2,3,4,5,5,4,4,5,5,4,5,5,4,3,3,2,2,3,2,3,2,3,2,5,4,3,5,4,4,5,5,5,5,11,,No,4,5,20,9,No,Nunca,No,Sí,8,Tal vez,No,No,7
Hombre,22,3,3,3,4,2,3,3,3,3,3,3,4,4,4,4,5,4,5,4,4,5,4,5,3,5,4,5,5,4,5,5,4,5,5,3,3,5,5,3,4,1,1,1,1,1,1,1,1,1,1,11.43,,No,5,6,18,100,Sí,Esporádicamente,No,Sí,0,Tal vez,No,No,8
Mujer,19,,3,4,4,4,3,3,4,4,4,4,3,3,4,3,3,3,2,3,4,3,3,4,4,4,3,4,4,3,4,2,3,2,2,3,3,3,1,3,4,3,2,3,3,2,3,2,3,3,3,12.4,100,No,2,4,8,4,No,Esporádicamente,No,No,0,Sí,No,No,3
Hombre,40,4,2,4,4,5,5,5,4,4,5,5,4,4,5,4,4,4,4,4,5,5,5,5,5,5,5,4,5,4,5,3,2,2,1,4,3,2,1,4,5,4,3,4,4,2,4,1,2,4,1,11,1300,No,5,9,10,11,No,Esporádicamente,No,Sí,12,Sí,No,Sí,2
Mujer,31,4,1,4,3,4,4,4,5,5,4,4,4,4,4,2,4,4,5,4,4,3,2,2,3,4,4,3,3,2,3,2,3,2,1,4,2,2,2,4,3,5,3,4,4,4,2,5,5,5,4,9,,No,0,7,10,15,No,Esporádicamente,No,No,2,Sí,No,No,3
Mujer,49,5,5,3,4,5,3,4,5,4,5,5,5,5,5,5,4,5,4,4,5,5,4,5,5,4,5,5,5,5,4,2,3,2,1,3,5,3,2,4,5,4,1,3,3,3,4,3,3,4,3,,1200,No,0,2,14,10,Sí,Esporádicamente,No,No,20,Sí,No,No,2
Hombre,68,5,5,5,4,5,4,5,5,5,5,5,4,5,5,5,4,5,5,5,5,5,5,5,5,5,5,5,2,5,5,1,5,1,2,4,5,1,1,4,5,5,1,3,5,4,5,4,5,5,4,,,,,2,3,21,No,Nunca,No,No,80,Sí,No,No,0
Mujer,29,5,3,4,5,5,4,2,4,5,5,5,2,2,3,2,2,3,2,2,5,4,4,4,4,4,4,5,4,5,3,1,1,1,1,2,2,1,2,1,1,3,3,3,4,2,3,3,2,3,3,,1150,Sí,0,1,10,26,Sí,Esporádicamente,No,No,10,Sí,No,Sí,0
Hombre,23,5,2,4,4,4,4,4,5,4,4,4,4,2,3,4,4,4,2,4,5,5,4,5,4,5,4,5,5,5,5,5,5,5,4,5,4,5,5,4,4,3,1,2,2,1,4,2,2,2,1,12,,,2,3,6,20,No,Nunca,No,No,40,Sí,No,No,10
